uid,term,estimate,std.error,statistic,p.value,conf.low,conf.high,NRMSE
1,female,3.698934786579487,1.6010534330165866,2.31031314152347,0.020957235445698018,0.55930722552859935,6.838562347630374,0.2853174578415661
2,female,3.817316119187777,1.6944210395514012,2.2528734181667227,0.02435917241504497,0.4945976420380336,7.14003459633752,0.30104716333389964
3,female,3.9658941767776965,1.6029924734500205,2.4740566424757757,0.013429122373583024,0.8224648956620118,7.109323457893382,0.28546355895946945
4,female,4.224637545888201,1.700840654132025,2.4838526381791617,0.013066256151977403,0.8893310941148753,7.559943997661526,0.303248774203585
5,female,4.108136018070737,1.6086560148107492,2.553769096840781,0.010719106915726596,0.9536006699940462,7.262671366147428,0.2865961899444833
6,female,4.265897013883026,1.70313203161305,2.504736529347499,0.012321565125388222,0.9260972275475563,7.605696800218496,0.3025333027487102
7,female,4.442601638208549,1.6114457744840298,2.7569042089740994,0.0058802946911912825,1.2825963342065383,7.60260694221056,0.2865184807619029
8,female,4.762355538190719,1.711076617865536,2.783250900904407,0.005424795546428747,1.4069773520583193,8.117733724323118,0.30462536570889776
9,female,3.9694504468955194,1.640418399317325,2.4197792761574988,0.015605484505090009,0.7526298347582059,7.186271059032833,0.2914801892285582
10,female,4.1233890107312945,1.7400168431137837,2.369740860296751,0.01788100906935179,0.711259021403575,7.535519000059014,0.3089880863922121
11,female,4.284247237494638,1.643510612410951,2.6067657885152644,0.009198036059066115,1.061363579454634,7.507130895534642,0.29298491969167734
12,female,4.595123701040058,1.7485053843179628,2.628029482924625,0.008644039561799854,1.166348645838768,8.023898756241348,0.3106436760284432
13,female,4.452163654910974,1.650678584827459,2.6971717545947,0.00704312648260684,1.2152237802648864,7.6891035295570616,0.29396822431495434
14,female,4.656337789433704,1.7518555630424186,2.657946172997915,0.007915163522428013,1.2209931180654259,8.091682460801982,0.31161680373451067
15,female,4.850323708528207,1.6550069886525824,2.9306968138406955,0.003414679991561947,1.604896654216172,8.095750762840243,0.2945741289966349
16,female,5.238505236659501,1.7624658295271338,2.972259177396354,0.002986205549764836,1.7823548585652182,8.694655614753783,0.31406844429815445
17,female,1.454032166921358,1.4718366767226632,0.9879032027922077,0.3233019326951875,-1.432203784438068,4.340268118280784,0.28511039420730544
18,female,1.425816944040226,1.5577357723566223,0.9153137324972497,0.36012098179466423,-1.6288643743285036,4.480498262408956,0.3019389936961977
19,female,1.64550610431317,1.4746278089109768,1.115878931869858,0.2645881959587103,-1.2462025534476442,4.537214762073984,0.2866488879964426
20,female,1.7116035311740314,1.564888054433296,1.0937546147950286,0.2741748086206056,-1.3571025610959306,4.780309623443993,0.3037017350067017
21,female,1.8622138381524935,1.4784749195505833,1.2595505094659005,0.20795679845056278,-1.0370389084127558,4.761466584717743,0.2866865383531336
22,female,1.87189246732708,1.5653862993986036,1.195802255357819,0.23189448347243036,-1.1977906707808583,4.941575605435018,0.30360579236173463
23,female,2.1098473914505593,1.4821482408819493,1.423506322279274,0.15472229231591145,-0.7966080087018468,5.016302791602966,0.2872601411354956
24,female,2.2328699457532406,1.5740598499304417,1.4185419606833323,0.15616525448416826,-0.8538211289552642,5.319561020461745,0.30541389282877257
25,female,1.8392236314187982,1.5071930900176886,1.2202972821466511,0.22247479400699477,-1.1163447370769157,4.794791999914512,0.2925642595532833
26,female,1.8522464703846362,1.5987624727106435,1.1585501298665208,0.24675742562498132,-1.2828865036327501,4.9873794444020225,0.3095236763707097
27,female,2.0671321243730563,1.5110646505589116,1.3679971426824569,0.17144387188103463,-0.8960276274362502,5.030291876182362,0.2929063571811339
28,female,2.1878546712847413,1.607837374882115,1.3607437577106656,0.17372522125608783,-0.9650732652550853,5.340782607824568,0.31109974617074426
29,female,2.3252134250865857,1.5161808720602996,1.5335989708977875,0.12526306434462897,-0.6479791083304747,5.298405958503646,0.2945432311817982
30,female,2.3870541001746197,1.6091879671570917,1.4833904732656948,0.13810485113444873,-0.7685223132455015,5.542630513594741,0.31155057381472423
31,female,2.6232099222483787,1.5212889423290572,1.7243337864747157,0.08477916247629678,-0.3599987534238638,5.606418597920621,0.2953409780036579
32,female,2.816685845411918,1.6203332967741457,1.7383373229566663,0.08228236928378622,-0.36074557706168875,5.994117267885525,0.3142102799555289
33,female,3.9942713198650197,1.6008855824726373,2.495038598383586,0.012662598413087605,0.8549736007498545,7.133569038980185,0.2847274297594005
34,female,4.100680077787202,1.6936579418494127,2.4211973247144636,0.015544860381344899,0.7794587471327938,7.42190140844161,0.30142737579440043
35,female,4.235603906948735,1.602691534899717,2.642806687822035,0.008276853534468357,1.0927654502319153,7.378442363665554,0.28570305585906147
36,female,4.474264861961419,1.699829182732728,2.6321849909461923,0.00853933126395837,1.140942613067903,7.807587110854936,0.30263550004065487
37,female,4.435107398682178,1.608709984751204,2.756934090496176,0.0058797591275295946,1.2804669106753765,7.58974788668898,0.28693897945194397
38,female,4.582374298207152,1.7025738297412387,2.6914394067149456,0.00716490824531359,1.2436698656026115,7.921078730811693,0.30302611942336843
39,female,4.741499893937483,1.611328302797231,2.9426032458477533,0.003286544208139434,1.5817256433560014,7.901274144518965,0.2876961823525923
40,female,5.042540528987051,1.710224720390143,2.9484666364995165,0.003225053981120143,1.6888336287015373,8.396247429272565,0.304953999420563
41,female,4.302216256582951,1.6407932343344105,2.622034371276616,0.008797148898385607,1.0846613097356,7.519771203430302,0.29251046376120465
42,female,4.447301071906782,1.7397810706832384,2.5562417863072047,0.010643391156071429,1.0356341761843169,7.858967967629248,0.3099320014446154
43,female,4.588326390386684,1.6436773237622475,2.791500694238677,0.00528887178971945,1.3651165237986223,7.811536256974746,0.29209621516235773
44,female,4.881652015652379,1.7479218943211563,2.7928318945557207,0.005267211584678498,1.4540219222178026,8.309282109086954,0.311231605178049
45,female,4.82382156140672,1.6513857183264036,2.9210750146824696,0.00352153556076565,1.5854957270702728,8.062147395743168,0.2934853018421983
46,female,5.021385072199165,1.7519414449181223,2.8661831631215517,0.0041915112234052155,1.5858727429318513,8.45689740146648,0.31227926360828273
47,female,5.190646921371757,1.6554549840965227,3.135480560472378,0.00173694380877682,1.9443420720242215,8.436951770719292,0.29518285933814475
48,female,5.5634283524798755,1.7621431837980683,3.157194264139555,0.001613149335069521,2.1079114324457935,9.018945272513957,0.31479318356029845
49,female,1.7231013071266956,1.4719107445038322,1.1706561104746454,0.24185588061956872,-1.1632792545393922,4.609481868792783,0.28587739853524385
50,female,1.6846371681139891,1.5572642074949228,1.081792774794435,0.27945570664850333,-1.369118752173996,4.738393088401974,0.3016559376664957
51,female,1.8933521860745914,1.474515576233095,1.2840503122466072,0.19925103910683334,-0.9981357507874931,4.784840122936676,0.2860354082647358
52,female,1.941940934051121,1.5641156226981519,1.2415584282069938,0.21452348581036743,-1.1252497655959537,5.009131633698195,0.3033856422294874
53,female,2.1608028358783615,1.4787470649448664,1.46123896851753,0.14408367774595107,-0.7389829438565068,5.06058861561323,0.2876864639335999
54,female,2.161522396112731,1.5650981490005933,1.3810778560392454,0.16738639136074393,-0.9075950124638332,5.230639804689295,0.3045078033797465
55,female,2.384932423637602,1.482202797526536,1.6090459602542373,0.107740667360509,-0.5216293225598574,5.291494169835062,0.2878900148421215
56,female,2.4916538242721202,1.5734335657439067,1.5835773931097539,0.11342447851251015,-0.5938084463129694,5.57711609485721,0.305485747952457
57,female,2.142850032044904,1.507743643174136,1.421229690966382,0.155382790301826,-0.8137973078603924,5.099497371950201,0.2929152662937539
58,female,2.1483199628404397,1.59875525114966,1.3437453677137818,0.17916052149225498,-0.9867981615339816,5.283438087214861,0.3104566361489269
59,female,2.346882787977421,1.51136331234715,1.552825034724912,0.12059965153738618,-0.6168619813653602,5.310627557320203,0.2935144687926338
60,female,2.452276073171297,1.6074419826932576,1.5255767234986148,0.12724987698362222,-0.6998758179126021,5.604427964255196,0.31349049028407727
61,female,2.6652891230460862,1.5170255839621527,1.7569177153129547,0.07906210787953974,-0.309559215997286,5.640137462089458,0.2947432978814792
62,female,2.7215602297953074,1.6094660091961894,1.6909709271552293,0.09097495750040506,-0.43456072458139605,5.877681184172011,0.31250183270633486
63,female,2.9369054564208037,1.5218399648521763,1.9298385666367222,0.05374707275384744,-0.04738310564498471,5.921194018486592,0.29583805667739105
64,female,3.1169651808850976,1.6201729973965675,1.9238471360118357,0.05449435055076783,-0.060151202303365015,6.29408156407356,0.314960283861292
65,female,3.7670780649906144,1.5961147619680112,2.3601548928385343,0.018348741746966008,0.6371358089344317,6.8970203210467975,0.28483875696304944
66,female,3.920312357360723,1.6892983577594998,2.320674935456751,0.020389706261342337,0.607640063270563,7.232984651450883,0.3008351350924187
67,female,4.009370268984584,1.5982813339941115,2.508551018965573,0.012189684521879364,0.8751801071555576,7.14356043081361,0.28568754386659495
68,female,4.291406476368606,1.695880192872714,2.530489178660218,0.011455197146403803,0.9658280972090343,7.6169848555281785,0.3018518006211481
69,female,3.7594238271098166,1.6098717632198247,2.3352318569715016,0.019615181377500474,0.6025051202631082,6.916342533956525,0.28640949288028683
70,female,3.9136848293462503,1.7039967623734629,2.296767761398183,0.021719662148652126,0.5721900616598963,7.255179597032605,0.30359002447379957
71,female,4.0822473957316,1.6149097978986973,2.527848552930557,0.01154147006982363,0.9154499233891951,7.249044868074005,0.287673216026301
72,female,4.377056323384783,1.7149069453399044,2.552357919640488,0.010762421688805332,1.0141676998230893,7.739944946946476,0.30571657799969415
73,female,4.070845061427987,1.6354231430474035,2.4891692885319476,0.012872986218421312,0.863820730763083,7.277869392092892,0.2906489624304102
74,female,4.265259431885938,1.734877661378486,2.458536141676342,0.014022184425770906,0.8632079984093242,7.667310865362552,0.30860992834621237
75,female,4.356786144678923,1.6387042949105979,2.6586774430322793,0.007898058398642575,1.1433282625161096,7.570244026841736,0.2924988093494182
76,female,4.695902973630486,1.743463280326246,2.693433826006226,0.007122295650627744,1.277016108113366,8.114789839147605,0.3106339226066089
77,female,4.077050915177119,1.6525058520055933,2.467193027019501,0.013688565986595255,0.8365285268854237,7.317573303468814,0.2939847499636844
78,female,4.274440832132029,1.7533686901356955,2.437844850418325,0.014848805565286203,0.8361297115260649,7.712751952737994,0.311993616865424
79,female,4.460358941160576,1.6595121535362993,2.687753103618962,0.007244210797766417,1.2060980863924775,7.714619795928675,0.2963762311019944
80,female,4.818874139765215,1.7675193427998577,2.72634874373246,0.006451469497596203,1.3528147118541982,8.28493356767623,0.31491308889026837
81,female,1.5166006038770177,1.464318991386681,1.0357037044509183,0.30044709201926284,-1.354892717711412,4.388093925465448,0.2851479288144269
82,female,1.528590461712397,1.5498656602499696,0.9862728757186986,0.3241008454245764,-1.5106570936224433,4.5678380170472375,0.30189956938920653
83,female,1.6780596506209535,1.4673174149840613,1.1436241630371309,0.2528961171206936,-1.1993128731830065,4.555432174424913,0.2859525452402355
84,female,1.7705971897537072,1.5571577795113167,1.1370698673254385,0.2556250557976218,-1.28294935750299,4.824143737010404,0.30372266664861375
85,female,1.3838528989137195,1.477158254621762,0.936834556882374,0.3489400131687156,-1.512817263762051,4.28052306158949,0.28752019315343236
86,female,1.3874641868401079,1.5635897061652675,0.8873582253511308,0.3749769104094125,-1.6786952039477976,4.453623577628013,0.30393590980437324
87,female,1.5831586409339622,1.4830709305692933,1.0674867993847394,0.28586176575635985,-1.3251054919388559,4.4914227738067805,0.2885760428464039
88,female,1.667745019630214,1.5751924336709042,1.0587563677814404,0.2898195620566549,-1.4211663451815695,4.756656384441998,0.3063525556942512
89,female,1.942096818001008,1.4994844155903708,1.2951763938382606,0.19538671545954156,-0.9983543844668903,4.8825480204689065,0.29220274628703463
90,female,2.002015567430088,1.5907210007989163,1.2585585821929834,0.20831488516211033,-1.1173475976581853,5.121378732518361,0.30951285575530196
91,female,2.135406141820237,1.5035299678658112,1.420261775594233,0.15566419413265695,-0.8129776395037376,5.083789923144211,0.29240582715781555
92,female,2.288489127442351,1.5998763148386521,1.4304162804442453,0.15273052333810974,-0.8488266858907041,5.425804940775406,0.31153790591338343
93,female,1.813686056526764,1.5153940410975002,1.196841222374895,0.23148922225881724,-1.157962868721415,4.785334981774943,0.29542002902631403
94,female,1.8651277076336203,1.6079485418018495,1.1599424105597176,0.2461900862092185,-1.2880175326779866,5.018272947945228,0.3126311778433348
95,female,2.055751922007712,1.5231581070947395,1.3496641697484957,0.1772537268719108,-0.9311214826883853,5.042625326703809,0.29580143382265256
96,female,2.2037361193286222,1.6225770838642064,1.3581703706059818,0.17453994808280415,-0.9780946138182767,5.385566852475521,0.3157088454780404
97,female,4.10390351489285,1.5953180272927587,2.572467335467361,0.010158612723280913,0.9755243242065901,7.2322827055791095,0.2842329404242786
98,female,4.246472446421812,1.687899938221767,2.5158318631704835,0.011941401546670075,0.9365431457991047,7.55640174704452,0.30142064917995826
99,female,4.316802662218674,1.597339734850281,2.7024950096939078,0.006931664156554202,1.184459641340382,7.449145683096965,0.28551638906622445
100,female,4.578162338966545,1.6942052120507134,2.7022478188607444,0.006936782601668945,1.255869284485383,7.900455393447707,0.3034858771997441
101,female,4.081840402505906,1.6087356478532235,2.5372971674699416,0.011235406991989223,0.9271502830220384,7.236530521989772,0.28720344696846056
102,female,4.224387017278249,1.7022657188746182,2.481626088358888,0.013147896007754442,0.8862875152391538,7.5624865193173445,0.3040642927821655
103,female,4.366930468762127,1.6135206568846543,2.7064608377519552,0.006849652541092113,1.2028577616895504,7.531003175834703,0.2875792952010482
104,female,4.638437481563983,1.712793577132589,2.7081123747143274,0.006815745292912943,1.2796938557760806,7.997181107351885,0.3059178566491404
105,female,4.4527298341464885,1.6352000235209256,2.7230490277017214,0.0065160950701461506,1.2461437399892064,7.659315928303771,0.29216127052413304
106,female,4.640484803788228,1.7340422820134784,2.6761082194604513,0.0074999989270957464,1.240072274814378,8.040897332762079,0.3098144665815168
107,female,4.705585798700009,1.6382521004160444,2.8723209312565485,0.004111235001150004,1.493015363909918,7.918156233490101,0.29264047688437606
108,female,5.027313434595951,1.7422383410024238,2.8855486165592064,0.003942940942020111,1.6108293932197304,8.443797475972172,0.31180516801124913
109,female,4.44435960924077,1.651899572571291,2.6904538768799546,0.007186017176870071,1.2050268308868084,7.683692387594732,0.29503194626313756
110,female,4.633933687631763,1.7521509870450056,2.644711398671681,0.008230482843159014,1.1980112053630032,8.069856169900522,0.3122755641896997
111,female,4.7851487948867595,1.6585380006786579,2.8851607819228273,0.003947784421394318,1.532798942412256,8.037498647361263,0.29615358049253165
112,female,5.123328118540382,1.7657711219173955,2.9014678374494656,0.0037487184541931664,1.6606976652372136,8.58595857184355,0.31524764490513074
113,female,1.832182233358027,1.4636003640848656,1.2518323159229479,0.21075566174759902,-1.037901247177103,4.702265713893157,0.28559636941207134
114,female,1.8347155729142117,1.548587183415538,1.1847673754264152,0.236229288933931,-1.2020242547790958,4.87145540060752,0.3025879388142813
115,female,1.9689261876898358,1.4663861971283962,1.3427064381440283,0.17949678090604906,-0.9066196099823332,4.844471985362005,0.286293820158361
116,female,2.0427115464642007,1.5555357428463639,1.3131884341830606,0.18924766662920683,-1.0076535592463918,5.093076652174793,0.3040132563717295
117,female,1.687330366436032,1.4760955180547763,1.1431037800721897,0.25311199231375087,-1.2072551610445443,4.581915893916609,0.2883795423360727
118,female,1.6804880651876073,1.5619708310763034,1.0758767268590013,0.2820928323747247,-1.382496081055515,4.7434722114307295,0.3044179545288817
119,female,1.854485829088138,1.4816742433873429,1.2516150816312286,0.21083472587541177,-1.0510387985804712,4.760010456756747,0.28900936389708193
120,female,1.9177381916808838,1.5731079080388417,1.219076060759039,0.22293762398141118,-1.1670847964720246,5.002561179833792,0.30634313711821454
121,female,2.3004932848168385,1.499252905540206,1.5344264308682012,0.1250594484169508,-0.6395032867660322,5.240489856399709,0.29245942437134514
122,female,2.3545648050468038,1.589920439848492,1.4809324706028542,0.138758626758044,-0.7632277965526333,5.472357406646241,0.3100082990346149
123,female,2.4658447274262922,1.5030123665748367,1.640601755689889,0.10101393645437531,-0.48152340444453046,5.413212859297115,0.2929425617317427
124,female,2.603135271533693,1.5986329175421632,1.628350850885714,0.10358449839840825,-0.5317415849433731,5.738012128010759,0.31169801011476544
125,female,2.1597488385843797,1.5147827836662429,1.4257812155463765,0.15406431915352478,-0.8107007748534216,5.1301984520221815,0.29559481268433335
126,female,2.204269926564271,1.6067667276441753,1.3718667984842758,0.17023580044120515,-0.9465571163276847,5.355096969456227,0.3134051961324024
127,female,2.365445207866427,1.5221117889415785,1.5540548500128706,0.12030593066175824,-0.6193757399344362,5.35026615566729,0.2969318939082541
128,female,2.494800915721469,1.6207983756311044,1.5392419891524427,0.12387974594264672,-0.6835411215854248,5.673142953028362,0.3163198233125041
129,female,2.2681030546471397,1.5998321004149718,1.417713180063601,0.15640732231392218,-0.8691288117568967,5.4053349210511765,0.28597196260735364
130,female,2.210443495206241,1.6950408979315665,1.3040649921212006,0.19233930249307463,-1.113489778117294,5.534376768529777,0.30349336243895264
131,female,2.4772891560882293,1.605225889950527,1.5432651389422702,0.12290127192628834,-0.6705191081949349,5.625097420371393,0.2879522638378504
132,female,2.5107181952869686,1.706489375184095,1.4712767813254706,0.1413502828382687,-0.8356645233911428,5.8571009139650805,0.305410161252656
133,female,2.6318548308201684,1.6093217861837164,1.6353813472327665,0.1021032236270386,-0.5239853846626352,5.7876950463029715,0.288850156228874
134,female,2.6089637221381565,1.7059346447760624,1.5293456464626958,0.12631348056389144,-0.7363311841703264,5.95425862844664,0.3060958333370359
135,female,2.9025476160105756,1.616310689135913,1.7957856961041883,0.07265713418123684,-0.26699696879273205,6.072092200813883,0.29084851009011947
136,female,2.990549654853564,1.7199219216396229,1.738770590238559,0.08220613818655202,-0.3821732088641814,6.363272518571309,0.30853574337113043
137,female,2.181884250297489,1.6466595165648628,1.3250366747639317,0.18528797046907497,-1.0471743308989216,5.4109428314939,0.29520940753587865
138,female,2.11092029301204,1.749600573852619,1.2065155467820836,0.22774031406145942,-1.3200024013048206,5.5418429873289,0.31432769946007727
139,female,2.4302120262307776,1.6545555166285504,1.4688005339239172,0.1420208555535557,-0.8143297028040206,5.674753755265575,0.2963772721012085
140,female,2.4597512931994316,1.765183137960182,1.393482206068364,0.1636058511023365,-1.0017276571774674,5.92123024357633,0.3165427497394838
141,female,2.6064015815875425,1.6598619201794989,1.5702520492220726,0.11649122420822279,-0.648545871268015,5.8613490344431,0.29780274637098814
142,female,2.579104448463117,1.7648969609695824,1.4613342906127693,0.14405747429158458,-0.8818133161604513,6.040022213086685,0.3165032074587122
143,female,2.9323852234140166,1.6701490243205068,1.75576261801371,0.0792592712093241,-0.34273426269131635,6.20750470951935,0.2991396707882684
144,female,3.0306790335882368,1.7842088658588637,1.698612248588598,0.08952463736775043,-0.4681081146623898,6.529466181838863,0.31975083212999084
145,female,-0.13139579404366736,1.4652701914825448,-0.08967342324129483,0.9285543873937678,-3.004754395491768,2.7419628074044335,0.2878720236198468
146,female,-0.3571614167591878,1.5524965373933544,-0.23005617607293521,0.8180681579405201,-3.4015680559627084,2.687245222444333,0.30484061842092186
147,female,-0.03729302189771371,1.4711222069622574,-0.025350050268577375,0.979777906555487,-2.9221266470183034,2.8475406032228756,0.2892281627481949
148,female,-0.2315420222355293,1.5641367803039152,-0.14803182506234536,0.8823303574419729,-3.298774211405937,2.835690166934879,0.3070709740074924
149,female,0.22468943633817468,1.4737625225241675,0.15245973004751184,0.8788374490713906,-2.665321781152294,3.1147006538286433,0.2897973975023884
150,female,0.03104208086380527,1.5622808226774418,0.019869718947586677,0.9841489886832071,-3.0325506229077943,3.0946347846354048,0.30688175610797
151,female,0.3638407602727253,1.4812231865079195,0.24563533948621458,0.8059859890402675,-2.5407999937922026,3.2684815143376533,0.29031093308773864
152,female,0.21731718990094628,1.5764233208225218,0.1378545895829287,0.8903671501739903,-2.8740079125787945,3.3086422923806875,0.3091955515106904
153,female,-0.12138457695904344,1.5076076683038222,-0.08051469855921513,0.9358347681400591,-3.0777652735656416,2.8349961196475544,0.29569703246143425
154,female,-0.3591682129567773,1.6018673123429576,-0.2242184544183269,0.8226068242628234,-3.5003890096722303,2.7820525837586754,0.3143108123580584
155,female,-0.00895867596727622,1.5157857538444517,-0.005910252121419232,0.9952848304015076,-2.981375739885607,2.9634583879510545,0.2967449822009634
156,female,-0.21223352159211176,1.61733284850341,-0.13122439316588475,0.8956090324178988,-3.3837811430996307,2.9593140999154075,0.3172311045825319
157,female,0.2982576687622898,1.5194425352307526,0.1962941419939876,0.844396926040944,-2.6813302498524196,3.2778455873769996,0.29835785359841543
158,female,0.10107301082579867,1.6156236813626217,0.06255974828281385,0.9501224030488351,-3.0671229784032192,3.269269000054816,0.31729628718055114
159,female,0.46812186829161234,1.5299682882927965,0.3059683471047381,0.7596558480369949,-2.532106124484928,3.4683498610681527,0.30031674695413824
160,female,0.32504599136238777,1.6346962360940993,0.19884183017331966,0.8424036671082851,-2.8805500786724982,3.530642061397274,0.3210134675084879
161,female,2.5632015008833573,1.5986070780272517,1.6033968172131803,0.10898162819486605,-0.5716274369372463,5.698030438703961,0.28698473739892877
162,female,2.4895879320014456,1.6931727109216155,1.470368566622085,0.1415959458872348,-0.8306811431893788,5.80985700719227,0.3043280156828272
163,female,2.7426210031901204,1.6037245049849085,1.7101571963670463,0.08736891848485012,-0.4022423912410069,5.887484397621248,0.28779313839651033
164,female,2.749141215658035,1.704221952073131,1.61313566716694,0.10684935991366876,-0.5927944096098976,6.091076840925967,0.3067174946456373
165,female,2.958009725606929,1.6083085626301816,1.83920535793796,0.06601118158931688,-0.1958428905027172,6.111862341716575,0.2898771365620092
166,female,2.920842018060536,1.7042575652874583,1.7138501113638158,0.08668818620113336,-0.4211634438091054,6.262847479930178,0.30628421332663097
167,female,3.1959301911956444,1.6149713247619704,1.9789392803409005,0.04793945565676996,0.029012761548207866,6.36284762084308,0.2905291363157344
168,female,3.2585905919513225,1.7177846340879193,1.896972721310617,0.05795403716927401,-0.10994036662347861,6.627121550526123,0.30913192341278245
169,female,2.511336049278046,1.6458957285533642,1.525817222628889,0.12719007076931244,-0.7162240532763113,5.738896151832403,0.2966208694282081
170,female,2.4274726558519415,1.7481660527502876,1.3885824244401386,0.1650914157013158,-1.0006362260124697,5.855581537716352,0.3137225083387744
171,female,2.725800370441173,1.6533983182920349,1.6486047797949452,0.09936235316688558,-0.5164714099079681,5.968072150790314,0.29699266718504036
172,female,2.73059744485565,1.7632021434659113,1.5486581926948761,0.12159856010073206,-0.7269960675254721,6.188190957236772,0.3165625142864861
173,female,2.9741736843766975,1.6594291875266969,1.7922871953394812,0.07321561969236283,-0.2799244761702413,6.228271844923636,0.29756888088829725
174,female,2.9365026155716754,1.763778239192167,1.6648933240703951,0.09606734264511439,-0.5222206055345611,6.395225836677912,0.3165361804923703
175,female,3.2630335093671943,1.6692530594157153,1.9547865980903736,0.05072666961987265,-0.010328294409278183,6.536395313143666,0.3001756097266393
176,female,3.3390175926766346,1.7824571499898227,1.873266682846036,0.061155550893995575,-0.1563337202164896,6.834368905569759,0.3202875460516823
177,female,0.14177422394200562,1.4642739294286318,0.09682220047264431,0.922875856575101,-2.7296301012810886,3.0131785491651,0.2880670661251931
178,female,-0.09791056559173991,1.55090407816409,-0.06313128385582896,0.9496673343761262,-3.139193764581705,2.9433726333982255,0.3066179984206779
179,female,0.2113369629415218,1.4697780867962211,0.14378834794182288,0.8856799380057938,-2.6708602435474935,3.093534169430537,0.2888123432090683
180,female,-0.006894050815562832,1.5620696886306142,-0.004413407971322003,0.9964789959505072,-3.070072054149718,3.0562839525185925,0.307061333506856
181,female,0.5267575065098534,1.472955900106351,0.3576193329833027,0.7206603366447151,-2.3616713105382527,3.41518632355796,0.290505413482359
182,female,0.32069572546200326,1.5608601212569042,0.20546090011176568,0.8372298389947943,-2.7401103477337805,3.3815017986577867,0.307114910365962
183,female,0.6386438414289713,1.4800276324822372,0.43150805256106334,0.6661385808838524,-2.2636518251111544,3.5409395079690973,0.2911435487463633
184,female,0.4695967525260683,1.5744770183788794,0.2982557046209393,0.7655343654893143,-2.6179110247812796,3.557104529833416,0.3098999881374033
185,female,0.1832743043615506,1.5070222828273434,0.12161353315739126,0.903215497217631,-2.7719578172096577,3.138506425932759,0.2963087712012025
186,female,-0.06572053060445246,1.6006628971790886,-0.041058320724666225,0.9672528896412,-3.2045788114346836,3.0731377502257784,0.3149022159736883
187,female,0.2676601101981521,1.5147483886051039,0.176702686869754,0.8597571569267778,-2.7027220554199576,3.238042275816262,0.29771898316518375
188,female,0.042361533694073666,1.615522132698062,0.02622157433604839,0.9790828333874284,-3.125634626867942,3.2103576942560887,0.3175522024549742
189,female,0.6386303894658478,1.5191527962144848,0.42038588287973727,0.6742420148728768,-2.3403887048405085,3.6176494837722037,0.2985170809009474
190,female,0.432503562109308,1.6147022626009033,0.26785344402295386,0.788835627858963,-2.733884854883376,3.598891979101992,0.31770360017187027
191,female,0.7774748881145997,1.5291684782625596,0.5084298422093858,0.6111996324663258,-2.221184040746796,3.776133816975996,0.3007916940614379
192,female,0.6146203169299846,1.6330957324757676,0.37635290124616416,0.7066885014154853,-2.5878365065186077,3.8170771403785775,0.3206730523319291
193,female,2.347678659365204,1.59514680150713,1.4717633870105655,0.14121885284486096,-0.7803647617907763,5.475722080521184,0.28734140600857294
194,female,2.3260261754700595,1.6902198799040284,1.3761678010804916,0.16890092042504853,-0.9884524724071677,5.640504823347287,0.3039257314168394
195,female,2.528408478706648,1.6006112279692735,1.5796518445734564,0.11432131476307768,-0.6103498578465452,5.667166815259841,0.2889452981156563
196,female,2.5866157184031793,1.7016459047471595,1.5200669605745702,0.1286287305985827,-0.7502683439972713,5.923499780803629,0.30603855122883694
197,female,2.2429849286916457,1.6104843017623518,1.3927393928876854,0.16383047009265178,-0.9151342571008385,5.40110411448413,0.28922164504148573
198,female,2.213848985019721,1.7067488184992168,1.2971147019550358,0.1947191079716625,-1.1330417606298946,5.5607397306693365,0.3079041601077368
199,female,2.464720496508039,1.6200925548181093,1.521345486822978,0.12830775383998133,-0.7122395341920269,5.641680527208105,0.2902946556836057
200,female,2.5172300822045153,1.7242011532992985,1.4599399132680881,0.1444402528978295,-0.8638835035407153,5.898343667949746,0.3095730299295695
201,female,2.300193235618152,1.6420173044576478,1.4008337362668033,0.16139594023927634,-0.9197613748901676,5.520147846126472,0.2951058462402262
202,female,2.2717625626110656,1.7448913663835777,1.3019507153155725,0.1930608875307356,-1.1499247431099482,5.693449868332079,0.3127827410760365
203,female,2.515239121067791,1.6499096437491676,1.524470828203837,0.1275257531722395,-0.7201914578019357,5.750669699937518,0.29695604458346053
204,female,2.5755979234010775,1.7603395438984357,1.4631256409187834,0.14356673330945152,-0.8763821057332559,6.027577952535411,0.31726563221511145
205,female,2.1768034164821013,1.6617703262269368,1.3099303689123825,0.19034747991458417,-1.0818856571301851,5.435492490094388,0.29825542950437983
206,female,2.1381635026893777,1.766509551709969,1.2103888714440578,0.22625143572408088,-1.3259157511762525,5.6022427565550075,0.3171618005004251
207,female,2.4400654606165904,1.6753889086394995,1.4564173416893673,0.14541087328002594,-0.8453285837896503,5.725459505022831,0.30073962090640816
208,female,2.4931639901160825,1.7902361123865989,1.3926453459775183,0.16385875012560888,-1.0174416622301234,6.003769642462288,0.3217514300565442
209,female,-0.05507223657770906,1.4580139166629118,-0.03777209253513702,0.969872606410535,-2.914200834308711,2.804056361153293,0.28891135442741517
210,female,-0.23912705434848444,1.5449352199261703,-0.15478128225979074,0.8770070455038677,-3.268705475117976,2.7904513664210073,0.3045745153810071
211,female,0.003812211202136032,1.4638639398805886,0.002604211428588783,0.9979223633887311,-2.8667875045689724,2.8744119269732447,0.28793847363076264
212,female,-0.16226737429494273,1.55647277394833,-0.10425326867961618,0.9169772583241851,-3.214469973608333,2.889935225018448,0.3070274845590561
213,female,-0.30571902012231084,1.4720684970714595,-0.20767988767541035,0.8354969254224018,-3.192407662533735,2.5809696222891136,0.2898935561957552
214,female,-0.5093735505150232,1.5600858243269329,-0.32650354395392445,0.7440724833263064,-3.5686612475838,2.5499141465537534,0.3074395129287185
215,female,-0.26549599176504896,1.4819270992650206,-0.1791559057775007,0.8578307299551433,-3.1715164632286905,2.640524479698593,0.29208887654819776
216,female,-0.46528167252349567,1.5774104674098275,-0.2949655033591271,0.7680462765000553,-3.5585418657706533,2.627978520723662,0.31091424614205143
217,female,0.002008903032444842,1.5002664920934883,0.0013390307942168307,0.9989317220232834,-2.9399752858367694,2.943993091901659,0.2960657878844401
218,female,-0.18624559422129483,1.594267774560938,-0.11682202776292518,0.9070110700877989,-3.312563206043528,2.9400720176009383,0.3141890433774925
219,female,0.07379174089148853,1.508371907840171,0.04892145001371081,0.96098605194474,-2.884086311907591,3.031669793690568,0.29699043858114815
220,female,-0.09406911358084921,1.6095218554076351,-0.058445378212664795,0.9533988369307633,-3.2502988891248936,3.062160661963195,0.3165115430854725
221,female,-0.282936373527146,1.5183572437991426,-0.18634374399215797,0.8521912891792653,-3.2603954102529005,2.6945226631986086,0.299553552388413
222,female,-0.49684293599613477,1.6140720779509616,-0.30781954708421005,0.7582469140317416,-3.661995577562996,2.6683097055707266,0.3176887516462125
223,female,-0.23388353727070774,1.5319431566443618,-0.15267115901546693,0.8786707069147804,-3.2379835370295127,2.7702164624880976,0.30187746678038563
224,female,-0.4440388159523438,1.6372063021180008,-0.27121738743486706,0.7862476413992152,-3.6545563559512595,2.766478724046572,0.32241426335460965
225,female,2.682081199388405,1.5932566772364753,1.6833955493226052,0.09243147743439674,-0.44225504826474893,5.806417447041559,0.286992727889921
226,female,2.645794825741311,1.6876728600574569,1.5677178251543575,0.11708169028362744,-0.6636884536888386,5.955278105171461,0.30399443418001665
227,female,2.828589413888749,1.5984037433212606,1.7696338773652607,0.076917866154442,-0.3058394126316806,5.963018240409179,0.2881645242358123
228,female,2.859010740403269,1.698639387556602,1.6831181246278508,0.09248505425468498,-0.4719768880179638,6.189998368824502,0.30661544081251363
229,female,2.560064956452006,1.608201541026286,1.5918806761112052,0.11154606999917618,-0.5935771005750263,5.713707013479039,0.2901503445197791
230,female,2.5148027673797424,1.703815787689412,1.4759827826165002,0.14008248800637602,-0.8263356469754908,5.855941181734975,0.30721970427476636
231,female,2.736326031699955,1.617354247761583,1.6918532445733692,0.0908065345380671,-0.43526355319588284,5.907915616595793,0.29171582512953537
232,female,2.757064054871319,1.720677338159553,1.6023132249886496,0.10922070035042837,-0.6171386815230906,6.131266791265729,0.3097724417013864
233,female,2.6765790689667717,1.6406338805629854,1.6314298398179492,0.1029337010708518,-0.5406619757253543,5.893820113658897,0.2960578272386024
234,female,2.637496719860196,1.7428281394813563,1.5133429740496855,0.13032703206430565,-0.7801439009824946,6.055137340702887,0.3145924057506464
235,female,2.8525023578032314,1.6480767013643958,1.730806797670112,0.08361749325993069,-0.37933315899279574,6.0843378745992585,0.29640295570600217
236,female,2.88801973775339,1.757648517254639,1.6431156226071497,0.10049273397120359,-0.5586825027048077,6.334721978211587,0.3165037686719777
237,female,2.535386947483504,1.659932702419539,1.5274034566509183,0.1267952930130647,-0.7196978788048916,5.7904717737719,0.29884341891211064
238,female,2.4844003347538113,1.7639909326241758,1.408397451940373,0.15914563942352866,-0.97473921444359,5.943539883951212,0.31851390260782875
239,female,2.7465188872604074,1.6729212942006433,1.6417502107131414,0.10077552854830499,-0.5340355104060217,6.0270732849268365,0.3011459462568632
240,female,2.7701282260829503,1.786910668599078,1.5502331900310975,0.12122009454714545,-0.7339555515856788,6.274212003751579,0.32170481797216993
241,female,0.26175237626445624,1.4561625612097269,0.17975491420889292,0.8573604843929858,-2.59374513306428,3.1172498855931927,0.28746014846092754
242,female,0.06451264857826396,1.542464775089573,0.04182439017093121,0.9666422444990022,-2.9602206295600313,3.0892459267165595,0.30470974846867593
243,female,0.29175864617935904,1.4616010372834656,0.19961579031280807,0.8417983477460076,-2.5744029467659444,3.1579202391246626,0.28875964991855885
244,female,0.10003594632177087,1.5534436477042823,0.06439625052997995,0.948660190192055,-2.9462259475698436,3.146297840213385,0.30673753982183155
245,female,-0.0037265080983062806,1.4698104294276746,-0.0025353664824363338,0.9979772875894783,-2.88598650537212,2.878533489175507,0.2903200707529096
246,female,-0.22201377268298933,1.5572108060430183,-0.1425714308052754,0.8866408787800308,-3.275662964409647,2.8316354190436686,0.3079377724147108
247,female,-0.002764382875465481,1.479094468442653,-0.0018689697882354436,0.9985089372945276,-2.903229503281588,2.897700737530657,0.29189065534306124
248,female,-0.23221788406320254,1.573814505939714,-0.1475509872267614,0.8827097851053398,-3.318425816128691,2.8539900480022857,0.3113216771571833
249,female,0.35847819589495716,1.498853319729055,0.23916829697502262,0.8109959405780409,-2.58073415335902,3.297690545148934,0.2959999664012857
250,female,0.16068140177928852,1.592215646364357,0.10091685893565121,0.9196250650570176,-2.9616113556990085,3.282974159257585,0.31455130507281703
251,female,0.39710085052340927,1.5064296751786594,0.26360397505865246,0.7921081967666878,-2.556967887088013,3.351169588134832,0.29719196482562266
252,female,0.20633443008814795,1.6067604516939817,0.1284164231641455,0.8978304139484163,-2.9444796158061806,3.357148475982476,0.3171775033680291
253,female,0.058251262984169,1.5164854699199284,0.038412015241560286,0.9693624425797784,-2.9155366220700287,3.0320391480383666,0.2995724557615169
254,female,-0.16679961568409457,1.6115563812223386,-0.10350219057032299,0.9175732351118853,-3.3270183504386286,2.9934191190704396,0.31777386547449843
255,female,0.06219402917008592,1.5293399033916897,0.04066723756579899,0.9675646322317928,-2.936800403057175,3.0611884613973466,0.30201188322087913
256,female,-0.17545309974395337,1.6337739131522246,-0.10739129712594803,0.9144877139154699,-3.379239116235657,3.028332916747751,0.3227774665733329
